mov_title,mov_genre,mov_desc,clicks
"Cross: The Arthur Blessitt Story,Documentary,""Yeetus my skeetus"",543"
"Big Jake,Western,""Yeetus my skeetus"",654"
"Glass Menagerie, Drama,""Yeetus my skeetus"",9876"
"Strike (Stachka),Drama,""Yeetus my skeetus"",8765"
"Isn't She Great?,Comedy,""Yeetus my skeetus"",8763"
"Annie,Children|Musical,""Yeetus my skeetus"",875"
"Good Will Hunting,Drama|Romance,""Yeetus my skeetus"",1238"
"Sympathy for the Devil,Documentary|Musical,""Yeetus my skeetus"",543"
"Sunnyside,Comedy,""Yeetus my skeetus"",3443"
"Hitch-Hiker, Drama|Film-Noir,""Yeetus my skeetus"",5436"
"Shout,Drama,""Yeetus my skeetus"",6543"
"Toronto Stories,Drama,""Yeetus my skeetus"",1637"
"Near Dark,Horror|Western,""Yeetus my skeetus"",98740"
"Big Ass Spider!,Comedy|Sci-Fi,""Yeetus my skeetus"",8976"
"Last Stand At Saber River,Western,""Yeetus my skeetus"",7652"
"I Spit on Your Grave (Day of the Woman),Horror|Thriller,""Yeetus my skeetus"",8529"
"Hiroshima ,Documentary,""Yeetus my skeetus"",7482"
"Ju-on: The Curse 2,Horror,""Yeetus my skeetus"",1548"
"Dames,Comedy|Musical,""Yeetus my skeetus"",1265"
"Best and the Brightest,Comedy,""Yeetus my skeetus"",209"
"Paper Chase,Drama,""Yeetus my skeetus"",9872"
"Mortal Storm,Drama,""Yeetus my skeetus"",14260"
"Rusalochka (The Little Mermaid),Children|Fantasy|Musical|Romance,""Yeetus my skeetus"",18429"
"In Time,Crime|Sci-Fi|Thriller,""Yeetus my skeetus"",14528"
"Star Maker,Drama,""Yeetus my skeetus"",1426"
"Shirley Valentine,Comedy|Romance,""Yeetus my skeetus"",2105"
"Draughtsman's Contract,Drama,""Yeetus my skeetus"",20890"
"Boys from Brazil,Action|Mystery|Thriller,""Yeetus my skeetus"",4806"
"Four Christmases,Comedy,""Yeetus my skeetus"",6050"
"The Colony,Action|Horror|Sci-Fi|Thriller,""Yeetus my skeetus"",7805"
